context,prefix,namespace,status
bioregistry,3dmet,http://identifiers.org/3dmet/,canonical
bioregistry,4dn.biosource,http://identifiers.org/4dn/,canonical
bioregistry,4dn.replicate,https://data.4dnucleome.org/experiment-set-replicates/,canonical
bioregistry,AAO,http://purl.obolibrary.org/obo/AAO_,canonical
bioregistry,abcd,https://web.expasy.org/abcd/ABCD_,canonical
bioregistry,ac,http://www.w3.org/ns/activitystreams#,canonical
bioregistry,aceview.worm,http://identifiers.org/aceview.worm/,canonical
bioregistry,addgene,http://identifiers.org/addgene/,canonical
bioregistry,ADO,http://purl.obolibrary.org/obo/ADO_,canonical
bioregistry,ADW,http://purl.obolibrary.org/obo/ADW_,canonical
bioregistry,AEO,http://purl.obolibrary.org/obo/AEO_,canonical
bioregistry,aeon,http://purl.obolibrary.org/obo/AEON_,canonical
bioregistry,AERO,http://purl.obolibrary.org/obo/AERO_,canonical
bioregistry,affy.probeset,http://identifiers.org/affy.probeset/,canonical
bioregistry,aftol.taxonomy,http://identifiers.org/aftol.taxonomy/,canonical
bioregistry,agricola,http://identifiers.org/agricola/,canonical
bioregistry,agrkb,https://www.alliancegenome.org/accession/,canonical
bioregistry,AGRO,http://purl.obolibrary.org/obo/AGRO_,canonical
bioregistry,agrovoc,http://aims.fao.org/aos/agrovoc/c_,canonical
bioregistry,AISM,http://purl.obolibrary.org/obo/AISM_,canonical
bioregistry,allergome,http://identifiers.org/allergome/,canonical
bioregistry,alzforum.mutation,https://www.alzforum.org/mutations/,canonical
bioregistry,amoebadb,http://identifiers.org/amoebadb/,canonical
bioregistry,AMPHX,http://purl.obolibrary.org/obo/AMPHX_,canonical
bioregistry,antibodyregistry,http://identifiers.org/antibodyregistry/,canonical
bioregistry,antweb,http://identifiers.org/antweb/,canonical
bioregistry,aop,http://identifiers.org/aop/,canonical
bioregistry,aop.events,http://identifiers.org/aop.events/,canonical
bioregistry,aop.relationships,http://identifiers.org/aop.relationships/,canonical
bioregistry,aop.stressor,http://identifiers.org/aop.stressor/,canonical
bioregistry,apd,http://identifiers.org/apd/,canonical
bioregistry,aphidbase.transcript,http://identifiers.org/aphidbase.transcript/,canonical
bioregistry,APO,http://purl.obolibrary.org/obo/APO_,canonical
bioregistry,APOLLO_SV,http://purl.obolibrary.org/obo/APOLLO_SV_,canonical
bioregistry,arachnoserver,http://identifiers.org/arachnoserver/,canonical
bioregistry,araport,http://identifiers.org/tair.name/,canonical
bioregistry,ardb,http://identifiers.org/ardb/,canonical
bioregistry,ark,http://identifiers.org/ARK/,canonical
bioregistry,ARO,http://purl.obolibrary.org/obo/ARO_,canonical
bioregistry,arrayexpress,http://identifiers.org/arrayexpress/,canonical
bioregistry,arrayexpress.platform,http://identifiers.org/arrayexpress.platform/,canonical
bioregistry,arraymap,http://identifiers.org/arraymap/,canonical
bioregistry,arxiv,http://identifiers.org/arxiv/,canonical
bioregistry,asap,http://identifiers.org/asap/,canonical
bioregistry,ascl,http://identifiers.org/ascl/,canonical
bioregistry,asin,http://identifiers.org/asin/,canonical
bioregistry,aspgd.locus,http://identifiers.org/aspgd.locus/,canonical
bioregistry,aspgd.protein,http://identifiers.org/aspgd.protein/,canonical
bioregistry,atc,http://identifiers.org/atc/,canonical
bioregistry,atcc,http://identifiers.org/atcc/,canonical
bioregistry,atcvet,http://identifiers.org/atcvet/,canonical
bioregistry,atfdb.family,http://identifiers.org/atfdb.family/,canonical
bioregistry,ATO,http://purl.obolibrary.org/obo/ATO_,canonical
bioregistry,atol,http://opendata.inra.fr/ATOL/ATOL_,canonical
bioregistry,autdb,http://identifiers.org/autdb/,canonical
bioregistry,bacdive,http://identifiers.org/bacdive/,canonical
bioregistry,bacmap.biog,http://identifiers.org/bacmap.biog/,canonical
bioregistry,bactibase,http://bactibase.hammamilab.org/,canonical
bioregistry,bao,http://identifiers.org/bao/,canonical
bioregistry,bartoc,https://bartoc.org/en/node/,canonical
bioregistry,bbkg,http://identifiers.org/bbkg/,canonical
bioregistry,bbtp,http://identifiers.org/bbtp/,canonical
bioregistry,BCGO,http://purl.obolibrary.org/obo/BCGO_,canonical
bioregistry,bcio,https://w3id.org/BCI-ontology#,canonical
bioregistry,BCO,http://purl.obolibrary.org/obo/BCO_,canonical
bioregistry,bcrj,http://bcrj.org.br/celula/,canonical
bioregistry,bdgp.insertion,http://identifiers.org/bdgp.insertion/,canonical
bioregistry,bdsc,http://identifiers.org/bdsc/,canonical
bioregistry,beetlebase,http://identifiers.org/beetlebase/,canonical
bioregistry,begdb,http://identifiers.org/begdb/,canonical
bioregistry,BFO,http://purl.obolibrary.org/obo/BFO_,canonical
bioregistry,bgee.family,http://identifiers.org/bgee.family/,canonical
bioregistry,bgee.organ,http://identifiers.org/bgee.organ/,canonical
bioregistry,bgee.stage,http://identifiers.org/bgee.stage/,canonical
bioregistry,bibo,http://purl.org/ontology/bibo/,canonical
bioregistry,BiDO,http://purl.org/spar/bido/,canonical
bioregistry,bigg.compartment,http://identifiers.org/bigg.compartment/,canonical
bioregistry,bigg.metabolite,http://identifiers.org/bigg.metabolite/,canonical
bioregistry,bigg.model,http://identifiers.org/bigg.model/,canonical
bioregistry,bigg.reaction,http://identifiers.org/bigg.reaction/,canonical
bioregistry,BILA,http://purl.obolibrary.org/obo/BILA_,canonical
bioregistry,bindingdb,http://identifiers.org/bindingdb/,canonical
bioregistry,biocarta.pathway,http://identifiers.org/biocarta.pathway/,canonical
bioregistry,biocatalogue.service,http://identifiers.org/biocatalogue.service/,canonical
bioregistry,biocyc,http://identifiers.org/biocyc/,canonical
bioregistry,biofactoid,https://biofactoid.org/document/,canonical
bioregistry,biogrid,http://identifiers.org/biogrid/,canonical
bioregistry,biogrid.interaction,https://thebiogrid.org/interaction/,canonical
bioregistry,biolink,http://identifiers.org/biolink/,canonical
bioregistry,biominder,http://identifiers.org/biominder/,canonical
bioregistry,biomodels.db,http://identifiers.org/biomodels.db/,canonical
bioregistry,biomodels.kisao,http://purl.obolibrary.org/obo/KISAO_,canonical
bioregistry,biomodels.teddy,http://identifiers.org/biomodels.teddy/,canonical
bioregistry,biomodels.vocabulary,http://identifiers.org/biomodels.vocabulary/,canonical
bioregistry,bionumbers,http://identifiers.org/bionumbers/,canonical
bioregistry,bioportal,http://identifiers.org/bioportal/,canonical
bioregistry,bioregistry,https://bioregistry.io/registry/,canonical
bioregistry,bioregistry.collection,https://bioregistry.io/collection/,canonical
bioregistry,bioregistry.registry,https://bioregistry.io/metaregistry/,canonical
bioregistry,bioregistry.schema,https://bioregistry.io/schema/#,canonical
bioregistry,biorxiv,https://www.biorxiv.org/content/10.1101/,canonical
bioregistry,biosample,http://identifiers.org/biosample/,canonical
bioregistry,bioschemas,https://bioschemas.org/profiles/,canonical
bioregistry,biosimulations,http://identifiers.org/biosimulations/,canonical
bioregistry,biosimulators,http://identifiers.org/biosimulators/,canonical
bioregistry,biostudies,http://identifiers.org/biostudies/,canonical
bioregistry,biosystems,http://identifiers.org/biosystems/,canonical
bioregistry,biotools,http://identifiers.org/biotools/,canonical
bioregistry,biozil,https://www.biozol.de/en/product/,canonical
bioregistry,birnlex,http://uri.neuinfo.org/nif/nifstd/birnlex_,canonical
bioregistry,BiRO,http://purl.org/spar/biro/,canonical
bioregistry,bitbucket,http://identifiers.org/bitbucket/,canonical
bioregistry,bitterdb.cpd,http://identifiers.org/bitterdb.cpd/,canonical
bioregistry,bitterdb.rec,http://identifiers.org/bitterdb.rec/,canonical
bioregistry,bko,http://www.sbgnbricks.org/BKO/full/entry/all/BKO:,canonical
bioregistry,bold.taxonomy,http://identifiers.org/bold.taxonomy/,canonical
bioregistry,BOOTSTREP,http://purl.obolibrary.org/obo/BOOTSTREP_,canonical
bioregistry,broad,http://identifiers.org/broad/,canonical
bioregistry,bs,https://biopragmatics.github.io/providers/bs/,canonical
bioregistry,BSPO,http://purl.obolibrary.org/obo/BSPO_,canonical
bioregistry,BTO,http://purl.obolibrary.org/obo/BTO_,canonical
bioregistry,bugbase.expt,http://identifiers.org/bugbase.expt/,canonical
bioregistry,bugbase.protocol,http://identifiers.org/bugbase.protocol/,canonical
bioregistry,C4O,http://purl.org/spar/c4o/,canonical
bioregistry,caloha,https://www.nextprot.org/term/,canonical
bioregistry,cameo,http://identifiers.org/cameo/,canonical
bioregistry,caps,http://identifiers.org/caps/,canonical
bioregistry,CARO,http://purl.obolibrary.org/obo/CARO_,canonical
bioregistry,cas,http://identifiers.org/cas/,canonical
bioregistry,cath,http://identifiers.org/cath/,canonical
bioregistry,cath.domain,http://identifiers.org/cath.domain/,canonical
bioregistry,cba,https://europepmc.org/article/CBA/,canonical
bioregistry,cbioportal,http://identifiers.org/cbioportal/,canonical
bioregistry,ccds,http://identifiers.org/ccds/,canonical
bioregistry,cco,http://identifiers.org/CCO/,canonical
bioregistry,CDAO,http://purl.obolibrary.org/obo/CDAO_,canonical
bioregistry,cdd,http://identifiers.org/cdd/,canonical
bioregistry,CDNO,http://purl.obolibrary.org/obo/CDNO_,canonical
bioregistry,cdpd,http://identifiers.org/cdpd/,canonical
bioregistry,cell_model_passport,https://cellmodelpassports.sanger.ac.uk/passports/,canonical
bioregistry,cellimage,http://identifiers.org/cellimage/,canonical
bioregistry,cellopub,https://web.expasy.org/cellosaurus/cellopub/,canonical
bioregistry,cellosaurus,http://identifiers.org/cellosaurus/,canonical
bioregistry,cellosaurus.resource,https://bioregistry.io/metaregistry/cellosaurus/,canonical
bioregistry,cellrepo,http://identifiers.org/cellrepo/,canonical
bioregistry,cemo,https://biopragmatics.github.io/providers/cemo/,canonical
bioregistry,CEPH,http://purl.obolibrary.org/obo/CEPH_,canonical
bioregistry,cgd,http://identifiers.org/cgd/,canonical
bioregistry,cgsc,http://identifiers.org/cgsc/,canonical
bioregistry,charprot,http://identifiers.org/charprot/,canonical
bioregistry,CHEBI,http://purl.obolibrary.org/obo/CHEBI_,canonical
bioregistry,chembl,http://identifiers.org/chembl/,canonical
bioregistry,chembl.cell,https://www.ebi.ac.uk/chembl/cell_line_report_card/,canonical
bioregistry,chembl.compound,http://identifiers.org/chembl.compound/,canonical
bioregistry,chemdb,http://identifiers.org/chemdb/,canonical
bioregistry,chemidplus,http://identifiers.org/chemidplus/,canonical
bioregistry,CHEMINF,http://purl.obolibrary.org/obo/CHEMINF_,canonical
bioregistry,ChEMROF,https://chemkg.github.io/chemrof/,canonical
bioregistry,CHIRO,http://purl.obolibrary.org/obo/CHIRO_,canonical
bioregistry,CHMO,http://purl.obolibrary.org/obo/CHMO_,canonical
bioregistry,CIDO,http://purl.obolibrary.org/obo/CIDO_,canonical
bioregistry,CIO,http://purl.obolibrary.org/obo/CIO_,canonical
bioregistry,citexplore,https://europepmc.org/article/CTX/,canonical
bioregistry,CiTO,http://purl.org/spar/cito/,canonical
bioregistry,civic.aid,http://identifiers.org/civic.aid/,canonical
bioregistry,civic.did,http://identifiers.org/civic.did/,canonical
bioregistry,civic.eid,http://identifiers.org/civic.eid/,canonical
bioregistry,civic.gid,http://identifiers.org/civic.gid/,canonical
bioregistry,civic.sid,http://identifiers.org/civic.sid/,canonical
bioregistry,civic.tid,http://identifiers.org/civic.tid/,canonical
bioregistry,civic.vid,http://identifiers.org/civic.vid/,canonical
bioregistry,CL,http://purl.obolibrary.org/obo/CL_,canonical
bioregistry,CLAO,http://purl.obolibrary.org/obo/CLAO_,canonical
bioregistry,classyfire,http://identifiers.org/classyfire/,canonical
bioregistry,clb,http://identifiers.org/clb/,canonical
bioregistry,clinicaltrials,http://identifiers.org/clinicaltrials/,canonical
bioregistry,clinvar,http://identifiers.org/clinvar/,canonical
bioregistry,clinvar.record,http://identifiers.org/clinvar.record/,canonical
bioregistry,clinvar.submission,http://identifiers.org/clinvar.submission/,canonical
bioregistry,clinvar.submitter,http://identifiers.org/clinvar.submitter/,canonical
bioregistry,CLO,http://purl.obolibrary.org/obo/CLO_,canonical
bioregistry,cls,https://cls.shop/,canonical
bioregistry,CLYH,http://purl.obolibrary.org/obo/CLYH_,canonical
bioregistry,CMF,http://purl.obolibrary.org/obo/CMF_,canonical
bioregistry,CMO,http://purl.obolibrary.org/obo/CMO_,canonical
bioregistry,cmpo,http://www.ebi.ac.uk/cmpo/CMPO_,canonical
bioregistry,CO_320,https://cropontology.org/rdf/CO_320:,canonical
bioregistry,CO_321,https://cropontology.org/rdf/CO_321:,canonical
bioregistry,CO_322,https://cropontology.org/rdf/CO_322:,canonical
bioregistry,CO_323,https://cropontology.org/rdf/CO_323:,canonical
bioregistry,CO_324,https://cropontology.org/rdf/CO_324:,canonical
bioregistry,CO_325,https://cropontology.org/rdf/CO_325:,canonical
bioregistry,CO_326,https://cropontology.org/rdf/CO_326:,canonical
bioregistry,CO_327,https://cropontology.org/rdf/CO_327:,canonical
bioregistry,CO_330,https://cropontology.org/rdf/CO_330:,canonical
bioregistry,CO_331,https://cropontology.org/rdf/CO_331:,canonical
bioregistry,CO_333,https://cropontology.org/rdf/CO_333:,canonical
bioregistry,CO_334,https://cropontology.org/rdf/CO_334:,canonical
bioregistry,CO_335,https://cropontology.org/rdf/CO_335:,canonical
bioregistry,CO_336,https://cropontology.org/rdf/CO_336:,canonical
bioregistry,CO_337,https://cropontology.org/rdf/CO_337:,canonical
bioregistry,CO_338,https://cropontology.org/rdf/CO_338:,canonical
bioregistry,CO_339,https://cropontology.org/rdf/CO_339:,canonical
bioregistry,CO_340,https://cropontology.org/rdf/CO_340:,canonical
bioregistry,CO_341,https://cropontology.org/rdf/CO_341:,canonical
bioregistry,CO_343,https://cropontology.org/rdf/CO_343:,canonical
bioregistry,CO_345,https://cropontology.org/rdf/CO_345:,canonical
bioregistry,CO_346,https://cropontology.org/rdf/CO_346:,canonical
bioregistry,CO_347,https://cropontology.org/rdf/CO_347:,canonical
bioregistry,CO_348,https://cropontology.org/rdf/CO_348:,canonical
bioregistry,CO_350,https://cropontology.org/rdf/CO_350:,canonical
bioregistry,CO_356,https://cropontology.org/rdf/CO_356:,canonical
bioregistry,CO_357,https://cropontology.org/rdf/CO_357:,canonical
bioregistry,CO_358,https://cropontology.org/rdf/CO_358:,canonical
bioregistry,CO_359,https://cropontology.org/rdf/CO_359:,canonical
bioregistry,CO_360,https://cropontology.org/rdf/CO_360:,canonical
bioregistry,CO_365,https://cropontology.org/rdf/CO_365:,canonical
bioregistry,CO_366,https://cropontology.org/rdf/CO_366:,canonical
bioregistry,CO_367,https://cropontology.org/rdf/CO_367:,canonical
bioregistry,CO_370,https://cropontology.org/rdf/CO_370:,canonical
bioregistry,COB,http://purl.obolibrary.org/obo/COB_,canonical
bioregistry,coconut,https://coconut.naturalproducts.net/compound/coconut_id/,canonical
bioregistry,cog,https://www.ncbi.nlm.nih.gov/research/cog/cog/,canonical
bioregistry,cog.category,https://www.ncbi.nlm.nih.gov/research/cog/cogcategory/,canonical
bioregistry,cog.pathway,https://www.ncbi.nlm.nih.gov/research/cog/pathway/,canonical
bioregistry,col,http://identifiers.org/col/,canonical
bioregistry,COLAO,http://purl.obolibrary.org/obo/COLAO_,canonical
bioregistry,commoncoreontology,http://www.ontologyrepository.com/CommonCoreOntologies/,canonical
bioregistry,complexportal,http://identifiers.org/complexportal/,canonical
bioregistry,comptox,http://identifiers.org/comptox/,canonical
bioregistry,confident.event,https://www.confident-conference.org/index.php/Event:,canonical
bioregistry,confident.series,https://www.confident-conference.org/index.php/Event_Series:,canonical
bioregistry,conoserver,http://identifiers.org/conoserver/,canonical
bioregistry,conso,https://pharmacome.github.io/conso/,canonical
bioregistry,cordis.article,https://cordis.europa.eu/article/id/,canonical
bioregistry,cordis.project,https://cordis.europa.eu/project/id/,canonical
bioregistry,coriell,http://identifiers.org/coriell/,canonical
bioregistry,corrdb,http://identifiers.org/corrdb/,canonical
bioregistry,corum,http://identifiers.org/corum/,canonical
bioregistry,cosmic,http://identifiers.org/cosmic/,canonical
bioregistry,covid19,http://identifiers.org/covid19/,canonical
bioregistry,covoc,http://purl.obolibrary.org/obo/COVOC_,canonical
bioregistry,cpc,http://identifiers.org/cpc/,canonical
bioregistry,cpt,https://www.aapc.com/codes/cpt-codes/,canonical
bioregistry,crisprdb,http://identifiers.org/crisprdb/,canonical
bioregistry,CRO,http://purl.obolibrary.org/obo/CRO_,canonical
bioregistry,crop2ml,http://identifiers.org/crop2ml/,canonical
bioregistry,cryoem,http://scipion.i2pc.es/ontology/CRYOEM_,canonical
bioregistry,cryptodb,http://identifiers.org/cryptodb/,canonical
bioregistry,csa,http://identifiers.org/csa/,canonical
bioregistry,csp,http://purl.bioontology.org/ontology/CSP/,canonical
bioregistry,CTENO,http://purl.obolibrary.org/obo/CTENO_,canonical
bioregistry,CTO,http://purl.obolibrary.org/obo/CTO_,canonical
bioregistry,CVDO,http://purl.obolibrary.org/obo/CVDO_,canonical
bioregistry,dailymed,http://identifiers.org/dailymed/,canonical
bioregistry,dandi,http://identifiers.org/dandi/,canonical
bioregistry,darc,http://identifiers.org/darc/,canonical
bioregistry,dashr,http://identifiers.org/dashr/,canonical
bioregistry,DataCite,http://purl.org/spar/datacite/,canonical
bioregistry,datacommons,https://datacommons.org/browser/,canonical
bioregistry,datanator.gene,http://identifiers.org/datanator.gene/,canonical
bioregistry,datanator.metabolite,http://identifiers.org/datanator.metabolite/,canonical
bioregistry,datanator.reaction,http://identifiers.org/datanator.reaction/,canonical
bioregistry,datf,http://identifiers.org/datf/,canonical
bioregistry,dbest,http://identifiers.org/dbest/,canonical
bioregistry,dbg2introns,http://identifiers.org/dbg2introns/,canonical
bioregistry,dbgap,http://identifiers.org/dbgap/,canonical
bioregistry,dbo,https://dbpedia.org/ontology/,canonical
bioregistry,dbprobe,http://identifiers.org/dbprobe/,canonical
bioregistry,dbsnp,http://identifiers.org/dbsnp/,canonical
bioregistry,dbvar.study,https://www.ncbi.nlm.nih.gov/dbvar/studies/,canonical
bioregistry,dbvar.variant,https://www.ncbi.nlm.nih.gov/dbvar/variants/,canonical
bioregistry,dc,http://purl.org/dc/elements/1.1/,canonical
bioregistry,DC_CL,http://purl.obolibrary.org/obo/DC_CL_,canonical
bioregistry,dcat,http://www.w3.org/ns/dcat#,canonical
bioregistry,dcterms,http://purl.org/dc/terms/,canonical
bioregistry,dctypes,http://purl.org/dc/dcmitype/,canonical
bioregistry,DDANAT,http://purl.obolibrary.org/obo/DDANAT_,canonical
bioregistry,ddinter.drug,http://ddinter.scbdd.com/ddinter/drug-detail/,canonical
bioregistry,ddinter.interaction,http://ddinter.scbdd.com/ddinter/interact/,canonical
bioregistry,DDPHENO,http://purl.obolibrary.org/obo/DDPHENO_,canonical
bioregistry,DeBiO,https://biopragmatics.github.io/debio/,canonical
bioregistry,decipher,https://www.deciphergenomics.org/syndrome/,canonical
bioregistry,degradome,http://identifiers.org/degradome/,canonical
bioregistry,DEO,http://purl.org/spar/deo/,canonical
bioregistry,depmap,https://depmap.org/portal/cell_line/,canonical
bioregistry,dermo,http://purl.obolibrary.org/obo/DERMO_,canonical
bioregistry,dev.ga4ghdos,http://identifiers.org/dev.ga4ghdos/,canonical
bioregistry,dg.4503,http://identifiers.org/dg.4503/,canonical
bioregistry,dg.4dfc,http://identifiers.org/dg.4dfc/,canonical
bioregistry,dg.6vts,http://identifiers.org/dg.6vts/,canonical
bioregistry,dg.anv0,http://identifiers.org/dg.anv0/,canonical
bioregistry,dg.f82a1a,http://identifiers.org/dg.f82a1a/,canonical
bioregistry,dg5b0d,http://identifiers.org/dg.5b0d/,canonical
bioregistry,DHBA,https://biopragmatics.github.io/providers/dhba/,canonical
bioregistry,dicom,http://dicom.nema.org/resources/ontology/DCM/,canonical
bioregistry,dictybase,http://dictybase.org/gene/,canonical
bioregistry,dictybase.est,http://identifiers.org/dictybase.est/,canonical
bioregistry,did,http://identifiers.org/DID/,canonical
bioregistry,DIDEO,http://purl.obolibrary.org/obo/DIDEO_,canonical
bioregistry,DINTO,http://purl.obolibrary.org/obo/DINTO_,canonical
bioregistry,dip,http://identifiers.org/dip/,canonical
bioregistry,DISDRIV,http://purl.obolibrary.org/obo/DISDRIV_,canonical
bioregistry,diseaseclass,https://biopragmatics.github.io/providers/diseaseclass/,canonical
bioregistry,disprot,http://identifiers.org/disprot/,canonical
bioregistry,dlxb,http://identifiers.org/dlxb/,canonical
bioregistry,dlxc,http://identifiers.org/dlxc/,canonical
bioregistry,DMBA,https://biopragmatics.github.io/providers/dmba/,canonical
bioregistry,doap,http://usefulinc.com/ns/doap#,canonical
bioregistry,DoCO,http://purl.org/spar/doco/,canonical
bioregistry,doi,http://identifiers.org/doi/,canonical
bioregistry,DOID,http://purl.obolibrary.org/obo/DOID_,canonical
bioregistry,dommino,http://identifiers.org/dommino/,canonical
bioregistry,door,http://identifiers.org/door/,canonical
bioregistry,doqcs.model,http://identifiers.org/doqcs.model/,canonical
bioregistry,doqcs.pathway,http://identifiers.org/doqcs.pathway/,canonical
bioregistry,DPO,http://purl.obolibrary.org/obo/FBcv_,canonical
bioregistry,dpv,http://identifiers.org/dpv/,canonical
bioregistry,drduke,https://phytochem.nal.usda.gov/phytochem/chemicals/show/,canonical
bioregistry,DRON,http://purl.obolibrary.org/obo/DRON_,canonical
bioregistry,drsc,http://identifiers.org/drsc/,canonical
bioregistry,drugbank,http://identifiers.org/drugbank/,canonical
bioregistry,drugbank.category,https://www.drugbank.ca/categories/,canonical
bioregistry,drugbank.salt,https://go.drugbank.com/salts/,canonical
bioregistry,drugbankv4.target,http://identifiers.org/drugbankv4.target/,canonical
bioregistry,drugcentral,http://identifiers.org/drugcentral/,canonical
bioregistry,dsmz,https://www.dsmz.de/collection/catalogue/details/culture/,canonical
bioregistry,dso,https://www.datascienceontology.org/concept/,canonical
bioregistry,dto,http://www.drugtargetontology.org/dto/DTO_,canonical
bioregistry,DUO,http://purl.obolibrary.org/obo/DUO_,canonical
bioregistry,eaglei,http://hawaii.eagle-i.net/i/,canonical
bioregistry,easychair.cfp,https://easychair.org/cfp/,canonical
bioregistry,ebisc,https://cells.ebisc.org/,canonical
bioregistry,ECAO,http://purl.obolibrary.org/obo/ECAO_,canonical
bioregistry,eccode,http://identifiers.org/ec-code/,canonical
bioregistry,echobase,http://identifiers.org/echobase/,canonical
bioregistry,ecmdb,http://ecmdb.ca/compounds/,canonical
bioregistry,ECO,http://purl.obolibrary.org/obo/ECO_,canonical
bioregistry,ECOCORE,http://purl.obolibrary.org/obo/ECOCORE_,canonical
bioregistry,ecogene,http://identifiers.org/ecogene/,canonical
bioregistry,ECTO,http://purl.obolibrary.org/obo/ECTO_,canonical
bioregistry,ecyano.entity,http://identifiers.org/ecyano.entity/,canonical
bioregistry,ecyano.experiment,http://identifiers.org/ecyano.experiment/,canonical
bioregistry,ecyano.model,http://identifiers.org/ecyano.model/,canonical
bioregistry,ecyano.rule,http://identifiers.org/ecyano.rule/,canonical
bioregistry,edam,http://identifiers.org/edam/,canonical
bioregistry,edam.data,http://edamontology.org/data_,canonical
bioregistry,edam.format,http://edamontology.org/format_,canonical
bioregistry,edam.operation,http://edamontology.org/operation_,canonical
bioregistry,edam.topic,http://edamontology.org/topic_,canonical
bioregistry,edda,http://ontologies.dbmi.pitt.edu/edda/StudyDesigns.owl#,canonical
bioregistry,EFO,http://identifiers.org/efo/,canonical
bioregistry,ega.dataset,http://identifiers.org/ega.dataset/,canonical
bioregistry,ega.study,http://identifiers.org/ega.study/,canonical
bioregistry,eggnog,http://identifiers.org/eggnog/,canonical
bioregistry,EHDA,http://purl.obolibrary.org/obo/EHDA_,canonical
bioregistry,EHDAA,http://purl.obolibrary.org/obo/EHDAA_,canonical
bioregistry,EHDAA2,http://purl.obolibrary.org/obo/EHDAA2_,canonical
bioregistry,EMAP,http://purl.obolibrary.org/obo/EMAP_,canonical
bioregistry,EMAPA,http://purl.obolibrary.org/obo/EMAPA_,canonical
bioregistry,EMAPS,https://www.informatics.jax.org/vocab/gxd/anatomy/EMAPS:,canonical
bioregistry,emdb,http://identifiers.org/emdb/,canonical
bioregistry,emmo.cif,http://emmo.info/emmo/cif-core#,canonical
bioregistry,empiar,http://identifiers.org/empiar/,canonical
bioregistry,ena.embl,http://identifiers.org/ena.embl/,canonical
bioregistry,encode,http://identifiers.org/encode/,canonical
bioregistry,enm,http://purl.enanomapper.org/onto/ENM_,canonical
bioregistry,ensembl,http://identifiers.org/ensembl/,canonical
bioregistry,ensembl.metazoa,http://identifiers.org/ensembl.metazoa/,canonical
bioregistry,ensembl.plant,http://identifiers.org/ensembl.plant/,canonical
bioregistry,ensembl.protist,http://identifiers.org/ensembl.protist/,canonical
bioregistry,ensemblglossary,http://ensembl.org/glossary/ENSGLOSSARY_,canonical
bioregistry,envipath,http://identifiers.org/envipath/,canonical
bioregistry,ENVO,http://purl.obolibrary.org/obo/ENVO_,canonical
bioregistry,enzo,https://www.enzolifesciences.com/,canonical
bioregistry,EO,http://purl.obolibrary.org/obo/EO_,canonical
bioregistry,eol,http://purl.org/obo/owlEOL_,canonical
bioregistry,eolife,https://eol.org/pages/,canonical
bioregistry,epd,http://identifiers.org/epd/,canonical
bioregistry,EPIO,http://purl.obolibrary.org/obo/EPIO_,canonical
bioregistry,EPO,http://purl.obolibrary.org/obo/EPO_,canonical
bioregistry,epso,http://www.case.edu/EpilepsyOntology.owl#,canonical
bioregistry,erm,http://identifiers.org/erm/,canonical
bioregistry,ERO,http://purl.obolibrary.org/obo/ERO_,canonical
bioregistry,erv,http://identifiers.org/erv/,canonical
bioregistry,eu89h,http://identifiers.org/eu89h/,canonical
bioregistry,euclinicaltrials,http://identifiers.org/euclinicaltrials/,canonical
bioregistry,EUPATH,http://purl.obolibrary.org/obo/EUPATH_,canonical
bioregistry,EV,http://purl.obolibrary.org/obo/EV_,canonical
bioregistry,exac.gene,http://identifiers.org/exac.gene/,canonical
bioregistry,exac.transcript,http://identifiers.org/exac.transcript/,canonical
bioregistry,exac.variant,http://identifiers.org/exac.variant/,canonical
bioregistry,ExO,http://purl.obolibrary.org/obo/ExO_,canonical
bioregistry,fabio,https://sparontologies.github.io/fabio/current/fabio.html#,canonical
bioregistry,facebase,http://identifiers.org/facebase/,canonical
bioregistry,fairsharing,http://identifiers.org/fairsharing/,canonical
bioregistry,fairsharing.organization,https://fairsharing.org/organisations/,canonical
bioregistry,fairsharing.user,https://fairsharing.org/users/,canonical
bioregistry,faldo,http://biohackathon.org/resource/faldo#,canonical
bioregistry,FAO,http://purl.obolibrary.org/obo/FAO_,canonical
bioregistry,FBbi,http://purl.obolibrary.org/obo/FBbi_,canonical
bioregistry,FBbt,http://purl.obolibrary.org/obo/FBbt_,canonical
bioregistry,FBdv,http://purl.obolibrary.org/obo/FBdv_,canonical
bioregistry,FBSP,http://purl.obolibrary.org/obo/FBSP_,canonical
bioregistry,fcb,http://identifiers.org/fcb/,canonical
bioregistry,fhir.implementation,https://hl7.org/fhir/us/,canonical
bioregistry,FIDEO,http://purl.obolibrary.org/obo/FIDEO_,canonical
bioregistry,fishbase.species,https://www.fishbase.ca/summary/,canonical
bioregistry,FIX,http://purl.obolibrary.org/obo/FIX_,canonical
bioregistry,FLOPO,http://purl.obolibrary.org/obo/FLOPO_,canonical
bioregistry,flowrepository,http://identifiers.org/flowrepository/,canonical
bioregistry,FLU,http://purl.obolibrary.org/obo/FLU_,canonical
bioregistry,FlyBase,http://identifiers.org/fb/,canonical
bioregistry,flymine.chromosome,https://www.flymine.org/flymine/report/ChromosomeBand/,canonical
bioregistry,FMA,http://purl.obolibrary.org/obo/FMA_,canonical
bioregistry,foaf,http://xmlns.com/foaf/0.1/,canonical
bioregistry,FOBI,http://purl.obolibrary.org/obo/FOBI_,canonical
bioregistry,foodb.compound,http://identifiers.org/foodb.compound/,canonical
bioregistry,foodb.food,https://foodb.ca/foods/,canonical
bioregistry,foodex2,http://data.food.gov.uk/codes/foodtype/id/,canonical
bioregistry,FOODON,http://purl.obolibrary.org/obo/FOODON_,canonical
bioregistry,FOVT,http://purl.obolibrary.org/obo/FOVT_,canonical
bioregistry,fplx,http://identifiers.org/fplx/,canonical
bioregistry,FRAPO,http://purl.org/cerif/frapo/,canonical
bioregistry,FRBR,http://purl.org/vocab/frbr/core#,canonical
bioregistry,fsnp,http://identifiers.org/fsnp/,canonical
bioregistry,funcbase.fly,http://identifiers.org/funcbase.fly/,canonical
bioregistry,funcbase.human,http://identifiers.org/funcbase.human/,canonical
bioregistry,funcbase.mouse,http://identifiers.org/funcbase.mouse/,canonical
bioregistry,funcbase.yeast,http://identifiers.org/funcbase.yeast/,canonical
bioregistry,funderregistry,http://identifiers.org/funderregistry/,canonical
bioregistry,fungidb,http://identifiers.org/fungidb/,canonical
bioregistry,FYPO,http://purl.obolibrary.org/obo/FYPO_,canonical
bioregistry,ga4ghdos,http://identifiers.org/ga4ghdos/,canonical
bioregistry,gainesville.core,http://purl.org/gc/,canonical
bioregistry,galen,http://www.co-ode.org/ontologies/galen#,canonical
bioregistry,gateway,http://identifiers.org/gateway/,canonical
bioregistry,GAZ,http://purl.obolibrary.org/obo/GAZ_,canonical
bioregistry,gbif,https://www.gbif.org/species/,canonical
bioregistry,gcst,http://identifiers.org/gcst/,canonical
bioregistry,gdc,http://identifiers.org/gdc/,canonical
bioregistry,gdsc,http://identifiers.org/gdsc/,canonical
bioregistry,GECKO,http://purl.obolibrary.org/obo/GECKO_,canonical
bioregistry,gemet,https://www.eionet.europa.eu/gemet/en/concept/,canonical
bioregistry,genatlas,http://identifiers.org/genatlas/,canonical
bioregistry,genbank,https://www.ncbi.nlm.nih.gov/nucleotide/,canonical
bioregistry,genecards,http://identifiers.org/genecards/,canonical
bioregistry,genedb,http://identifiers.org/genedb/,canonical
bioregistry,genefarm,http://identifiers.org/genefarm/,canonical
bioregistry,GENEPIO,http://purl.obolibrary.org/obo/GENEPIO_,canonical
bioregistry,genetree,http://identifiers.org/genetree/,canonical
bioregistry,GENO,http://purl.obolibrary.org/obo/GENO_,canonical
bioregistry,genprop,http://identifiers.org/genprop/,canonical
bioregistry,geo,http://identifiers.org/geo/,canonical
bioregistry,GEOGEO,http://purl.obolibrary.org/obo/GEO_,canonical
bioregistry,geonames,https://www.geonames.org/,canonical
bioregistry,gfo,http://www.onto-med.de/ontologies/gfo.owl#,canonical
bioregistry,ghr,https://medlineplus.gov/genetics/condition/,canonical
bioregistry,giardiadb,http://identifiers.org/giardiadb/,canonical
bioregistry,github,http://identifiers.org/github/,canonical
bioregistry,github.issue,https://bioregistry.io/resolve/github/issue/,canonical
bioregistry,github.pull,https://bioregistry.io/resolve/github/pull/,canonical
bioregistry,gitlab,http://identifiers.org/gitlab/,canonical
bioregistry,glida.gpcr,http://identifiers.org/glida.gpcr/,canonical
bioregistry,glida.ligand,http://identifiers.org/glida.ligand/,canonical
bioregistry,glycoepitope,http://identifiers.org/glycoepitope/,canonical
bioregistry,glyconavi,http://identifiers.org/glyconavi/,canonical
bioregistry,glycopost,http://identifiers.org/glycopost/,canonical
bioregistry,glygen,https://glygen.org/glycan/,canonical
bioregistry,glytoucan,http://identifiers.org/glytoucan/,canonical
bioregistry,gmd.analyte,http://identifiers.org/gmd.analyte/,canonical
bioregistry,gmd.gcms,http://identifiers.org/gmd.gcms/,canonical
bioregistry,gmd.profile,http://identifiers.org/gmd.profile/,canonical
bioregistry,gmd.ref,http://identifiers.org/gmd.ref/,canonical
bioregistry,GNO,http://purl.obolibrary.org/obo/GNO_,canonical
bioregistry,gnomad,https://gnomad.broadinstitute.org/variant/,canonical
bioregistry,gnpis,http://identifiers.org/gnpis/,canonical
bioregistry,GO,http://purl.obolibrary.org/obo/GO_,canonical
bioregistry,go.gpi,http://geneontology.org/docs/gene-product-information-gpi-format/#,canonical
bioregistry,go.model,http://noctua.geneontology.org/editor/graph/gomodel:,canonical
bioregistry,go.ref,http://identifiers.org/GO_REF/,canonical
bioregistry,go.resource,https://bioregistry.io/metaregistry/go/,canonical
bioregistry,GOCHE,https://biopragmatics.github.io/providers/goche/,canonical
bioregistry,gold,http://identifiers.org/gold/,canonical
bioregistry,gold.genome,http://identifiers.org/gold.genome/,canonical
bioregistry,goldbook,https://goldbook.iupac.org/terms/view/,canonical
bioregistry,google.patent,http://identifiers.org/google.patent/,canonical
bioregistry,gpcrdb,http://identifiers.org/gpcrdb/,canonical
bioregistry,gpmdb,http://identifiers.org/gpmdb/,canonical
bioregistry,gramene.gene,http://identifiers.org/gramene.gene/,canonical
bioregistry,gramene.protein,http://identifiers.org/gramene.protein/,canonical
bioregistry,gramene.qtl,http://identifiers.org/gramene.qtl/,canonical
bioregistry,gramene.taxonomy,http://identifiers.org/gramene.taxonomy/,canonical
bioregistry,grassbase,https://www.kew.org/data/grasses-db/www/,canonical
bioregistry,greengenes,http://identifiers.org/greengenes/,canonical
bioregistry,grid,http://identifiers.org/grid/,canonical
bioregistry,grin.taxonomy,http://identifiers.org/grin.taxonomy/,canonical
bioregistry,GRO,http://purl.obolibrary.org/obo/GRO_,canonical
bioregistry,grsdb,http://identifiers.org/grsdb/,canonical
bioregistry,GSSO,http://purl.obolibrary.org/obo/GSSO_,canonical
bioregistry,gtex,http://identifiers.org/gtex/,canonical
bioregistry,gtr,https://www.ncbi.nlm.nih.gov/gtr/conditions/,canonical
bioregistry,gudmap,http://identifiers.org/gudmap/,canonical
bioregistry,gwascentral.marker,http://identifiers.org/gwascentral.marker/,canonical
bioregistry,gwascentral.phenotype,http://identifiers.org/gwascentral.phenotype/,canonical
bioregistry,gwascentral.study,http://identifiers.org/gwascentral.study/,canonical
bioregistry,gxa.expt,http://identifiers.org/gxa.expt/,canonical
bioregistry,gxa.gene,http://identifiers.org/gxa.gene/,canonical
bioregistry,HABRONATTUS,http://purl.obolibrary.org/obo/HABRONATTUS_,canonical
bioregistry,hamap,http://identifiers.org/hamap/,canonical
bioregistry,HANCESTRO,http://purl.obolibrary.org/obo/HANCESTRO_,canonical
bioregistry,HAO,http://purl.obolibrary.org/obo/HAO_,canonical
bioregistry,hathitrust,https://catalog.hathitrust.org/Record/,canonical
bioregistry,HBA,https://biopragmatics.github.io/providers/hba/,canonical
bioregistry,hcpcs,http://purl.bioontology.org/ontology/HCPCS/,canonical
bioregistry,hcvdb,http://identifiers.org/hcvdb/,canonical
bioregistry,hdr,http://identifiers.org/hdr/,canonical
bioregistry,hgmd,http://identifiers.org/hgmd/,canonical
bioregistry,hgnc,http://identifiers.org/hgnc/,canonical
bioregistry,hgnc.genegroup,http://identifiers.org/hgnc.genegroup/,canonical
bioregistry,hgnc.symbol,http://identifiers.org/hgnc.symbol/,canonical
bioregistry,hinv.locus,http://identifiers.org/hinv.locus/,canonical
bioregistry,hinv.protein,http://identifiers.org/hinv.protein/,canonical
bioregistry,hinv.transcript,http://identifiers.org/hinv.transcript/,canonical
bioregistry,hmdb,http://identifiers.org/hmdb/,canonical
bioregistry,hms.lincs.antibody,https://lincs.hms.harvard.edu/db/antibodies/,canonical
bioregistry,hms.lincs.cell,https://lincs.hms.harvard.edu/db/cells/,canonical
bioregistry,hms.lincs.compound,https://lincs.hms.harvard.edu/db/sm/,canonical
bioregistry,hms.lincs.dataset,https://lincs.hms.harvard.edu/db/datasets/,canonical
bioregistry,hog,https://biopragmatics.github.io/providers/hog/,canonical
bioregistry,hogenom,http://identifiers.org/hogenom/,canonical
bioregistry,hoip,http://purl.bioontology.org/ontology/HOIP/HOIP_,canonical
bioregistry,HOM,http://purl.obolibrary.org/obo/HOM_,canonical
bioregistry,homd.seq,http://identifiers.org/homd.seq/,canonical
bioregistry,homd.taxon,http://identifiers.org/homd.taxon/,canonical
bioregistry,homologene,http://identifiers.org/homologene/,canonical
bioregistry,HP,http://purl.obolibrary.org/obo/HP_,canonical
bioregistry,hpa,http://identifiers.org/hpa/,canonical
bioregistry,hpath,http://purl.obolibrary.org/obo/MC_,canonical
bioregistry,hpm.peptide,http://identifiers.org/hpm.peptide/,canonical
bioregistry,hpm.protein,http://identifiers.org/hpm.protein/,canonical
bioregistry,hprd,http://identifiers.org/hprd/,canonical
bioregistry,hpscreg,http://identifiers.org/hpscreg/,canonical
bioregistry,HsapDv,http://purl.obolibrary.org/obo/HsapDv_,canonical
bioregistry,hsdb,https://pubchem.ncbi.nlm.nih.gov/source/hsdb/,canonical
bioregistry,HSO,http://purl.obolibrary.org/obo/HSO_,canonical
bioregistry,HTN,http://purl.obolibrary.org/obo/HTN_,canonical
bioregistry,huge,http://identifiers.org/huge/,canonical
bioregistry,IAO,http://purl.obolibrary.org/obo/IAO_,canonical
bioregistry,icd10,http://identifiers.org/icd/,canonical
bioregistry,icd10cm,https://icd.codes/icd10cm/,canonical
bioregistry,icdc,http://identifiers.org/icdc/,canonical
bioregistry,iceberg.element,http://identifiers.org/iceberg.element/,canonical
bioregistry,iceberg.family,http://identifiers.org/iceberg.family/,canonical
bioregistry,ICEO,http://purl.obolibrary.org/obo/ICEO_,canonical
bioregistry,icepo,https://biopragmatics.github.io/providers/icepo/,canonical
bioregistry,icf,http://id.who.int/icd/entity/,canonical
bioregistry,ICO,http://purl.obolibrary.org/obo/ICO_,canonical
bioregistry,ideal,http://identifiers.org/ideal/,canonical
bioregistry,IDO,http://purl.obolibrary.org/obo/IDO_,canonical
bioregistry,idocovid19,http://purl.obolibrary.org/obo/COVIDO_,canonical
bioregistry,idoden,http://purl.bioontology.org/ontology/IDODEN_,canonical
bioregistry,IDOMAL,http://purl.obolibrary.org/obo/IDOMAL_,canonical
bioregistry,idoo,http://identifiers.org/idoo/,canonical
bioregistry,idot,http://identifiers.org/idot/,canonical
bioregistry,idpo,https://www.disprot.org/idpo/IDPO:,canonical
bioregistry,idr,http://identifiers.org/idr/,canonical
bioregistry,iedb,http://identifiers.org/iedb/,canonical
bioregistry,IEV,http://purl.obolibrary.org/obo/IEV_,canonical
bioregistry,igsn,http://identifiers.org/igsn/,canonical
bioregistry,igsr,https://www.internationalgenome.org/data-portal/sample/,canonical
bioregistry,imex,http://identifiers.org/imex/,canonical
bioregistry,img.gene,http://identifiers.org/img.gene/,canonical
bioregistry,img.taxon,http://identifiers.org/img.taxon/,canonical
bioregistry,imgt.hla,http://identifiers.org/imgt.hla/,canonical
bioregistry,imgt.ligm,http://identifiers.org/imgt.ligm/,canonical
bioregistry,IMR,http://purl.obolibrary.org/obo/IMR_,canonical
bioregistry,inaturalist.observation,https://www.inaturalist.org/observations/,canonical
bioregistry,inaturalist.place,https://www.inaturalist.org/places/,canonical
bioregistry,inaturalist.taxon,https://www.inaturalist.org/taxa/,canonical
bioregistry,inaturalist.user,https://www.inaturalist.org/users/,canonical
bioregistry,inchi,http://identifiers.org/inchi/,canonical
bioregistry,inchikey,http://identifiers.org/inchikey/,canonical
bioregistry,INO,http://purl.obolibrary.org/obo/INO_,canonical
bioregistry,insdc,http://identifiers.org/insdc/,canonical
bioregistry,insdc.sra,http://identifiers.org/insdc.sra/,canonical
bioregistry,intact,http://identifiers.org/intact/,canonical
bioregistry,intact.molecule,http://identifiers.org/intact.molecule/,canonical
bioregistry,interlex,http://identifiers.org/ilx/,canonical
bioregistry,interpro,http://purl.obolibrary.org/obo/IPR_,canonical
bioregistry,iobc,http://purl.jp/bio/4/id/,canonical
bioregistry,ird.segment,http://identifiers.org/ird.segment/,canonical
bioregistry,irefweb,http://identifiers.org/irefweb/,canonical
bioregistry,isbn,http://identifiers.org/isbn/,canonical
bioregistry,isfinder,http://identifiers.org/isfinder/,canonical
bioregistry,isni,http://identifiers.org/isni/,canonical
bioregistry,iso15926,http://standards.iso.org/iso/15926/part14/,canonical
bioregistry,issn,http://identifiers.org/issn/,canonical
bioregistry,ito,http://identifiers.org/ito/,canonical
bioregistry,iuphar.family,http://identifiers.org/iuphar.family/,canonical
bioregistry,iuphar.ligand,http://identifiers.org/iuphar.ligand/,canonical
bioregistry,iuphar.receptor,http://identifiers.org/iuphar.receptor/,canonical
bioregistry,jax,https://www.jax.org/strain/,canonical
bioregistry,jcggdb,http://identifiers.org/jcggdb/,canonical
bioregistry,jcm,http://identifiers.org/jcm/,canonical
bioregistry,jcsd,http://identifiers.org/jcsd/,canonical
bioregistry,jstor,http://identifiers.org/jstor/,canonical
bioregistry,jws,http://identifiers.org/jws/,canonical
bioregistry,kaggle,http://identifiers.org/kaggle/,canonical
bioregistry,kegg,http://identifiers.org/kegg/,canonical
bioregistry,knapsack,http://identifiers.org/knapsack/,canonical
bioregistry,LABO,http://purl.obolibrary.org/obo/LABO_,canonical
bioregistry,lbo,http://purl.obolibrary.org/obo/LBO_,canonical
bioregistry,lei,http://identifiers.org/lei/,canonical
bioregistry,LEPAO,http://purl.obolibrary.org/obo/LEPAO_,canonical
bioregistry,lgai.cede,http://identifiers.org/lgai.cede/,canonical
bioregistry,licebase,http://identifiers.org/licebase/,canonical
bioregistry,ligandbook,http://identifiers.org/ligandbook/,canonical
bioregistry,ligandbox,http://identifiers.org/ligandbox/,canonical
bioregistry,ligea,http://hpc-bioinformatics.cineca.it/fusion/cell_line/,canonical
bioregistry,lincs.cell,http://identifiers.org/lincs.cell/,canonical
bioregistry,lincs.data,http://identifiers.org/lincs.data/,canonical
bioregistry,lincs.protein,http://identifiers.org/lincs.protein/,canonical
bioregistry,lincs.smallmolecule,http://identifiers.org/lincs.smallmolecule/,canonical
bioregistry,linguist,http://identifiers.org/linguist/,canonical
bioregistry,linkml,https://w3id.org/linkml/,canonical
bioregistry,lipidbank,http://identifiers.org/lipidbank/,canonical
bioregistry,lipidmaps,http://identifiers.org/lipidmaps/,canonical
bioregistry,LIPRO,http://purl.obolibrary.org/obo/LIPRO_,canonical
bioregistry,LOGGERHEAD,http://purl.obolibrary.org/obo/LOGGERHEAD_,canonical
bioregistry,loinc,https://loinc.org/,canonical
bioregistry,loqate,http://www.weizmann.ac.il/molgen/loqate/gene/view/,canonical
bioregistry,lotus,https://lotus.naturalproducts.net/compound/lotus_id/,canonical
bioregistry,lpt,http://purl.obolibrary.org/obo/LPT_,canonical
bioregistry,lspci,https://labsyspharm.github.io/lspci/,canonical
bioregistry,MA,http://purl.obolibrary.org/obo/MA_,canonical
bioregistry,macie,http://identifiers.org/macie/,canonical
bioregistry,maizegdb.locus,http://identifiers.org/maizegdb.locus/,canonical
bioregistry,MAMO,http://purl.obolibrary.org/obo/MAMO_,canonical
bioregistry,MAO,http://purl.obolibrary.org/obo/MAO_,canonical
bioregistry,massbank,http://identifiers.org/massbank/,canonical
bioregistry,massive,http://identifiers.org/massive/,canonical
bioregistry,MAT,http://purl.obolibrary.org/obo/MAT_,canonical
bioregistry,MAXO,http://purl.obolibrary.org/obo/MAXO_,canonical
bioregistry,MBA,https://biopragmatics.github.io/providers/mba/,canonical
bioregistry,mcc,http://www.semanticweb.org/pallabi.d/ontologies/2014/2/untitled-ontology-11#,canonical
bioregistry,MCO,http://purl.obolibrary.org/obo/MCO_,canonical
bioregistry,mdm,http://identifiers.org/mdm/,canonical
bioregistry,meddra,http://identifiers.org/meddra/,canonical
bioregistry,medgen,http://identifiers.org/medgen/,canonical
bioregistry,merops.entry,http://identifiers.org/merops.inhibitor/,canonical
bioregistry,merops.family,http://identifiers.org/merops.family/,canonical
bioregistry,mesh,http://identifiers.org/mesh/,canonical
bioregistry,mesh.vocab,http://id.nlm.nih.gov/mesh/vocab#,canonical
bioregistry,metabolights,http://identifiers.org/metabolights/,canonical
bioregistry,metacyc.compound,http://identifiers.org/metacyc.compound/,canonical
bioregistry,metacyc.reaction,http://identifiers.org/metacyc.reaction/,canonical
bioregistry,metanetx.chemical,http://identifiers.org/metanetx.chemical/,canonical
bioregistry,metanetx.compartment,http://identifiers.org/metanetx.compartment/,canonical
bioregistry,metanetx.reaction,http://identifiers.org/metanetx.reaction/,canonical
bioregistry,metatlas,http://identifiers.org/metatlas/,canonical
bioregistry,metlin,http://identifiers.org/metlin/,canonical
bioregistry,mex,http://identifiers.org/mex/,canonical
bioregistry,MF,http://purl.obolibrary.org/obo/MF_,canonical
bioregistry,MFMO,http://purl.obolibrary.org/obo/MFMO_,canonical
bioregistry,MFO,http://purl.obolibrary.org/obo/MFO_,canonical
bioregistry,MFOEM,http://purl.obolibrary.org/obo/MFOEM_,canonical
bioregistry,MFOMD,http://purl.obolibrary.org/obo/MFOMD_,canonical
bioregistry,mge,http://identifiers.org/MGE/,canonical
bioregistry,MGI,http://identifiers.org/MGI/,canonical
bioregistry,mgnify.analysis,https://www.ebi.ac.uk/metagenomics/analyses/,canonical
bioregistry,mgnify.proj,http://identifiers.org/mgnify.proj/,canonical
bioregistry,mgnify.samp,http://identifiers.org/mgnify.samp/,canonical
bioregistry,MI,http://purl.obolibrary.org/obo/MI_,canonical
bioregistry,MIAPA,http://purl.obolibrary.org/obo/MIAPA_,canonical
bioregistry,MICRO,http://purl.obolibrary.org/obo/MICRO_,canonical
bioregistry,microscope,http://identifiers.org/microscope/,canonical
bioregistry,microsporidia,http://identifiers.org/microsporidia/,canonical
bioregistry,millipore,https://www.merckmillipore.com/catalogue/item/,canonical
bioregistry,mimodb,http://identifiers.org/mimodb/,canonical
bioregistry,minid,http://identifiers.org/minid/,canonical
bioregistry,minid.test,http://identifiers.org/minid.test/,canonical
bioregistry,mint,http://identifiers.org/mint/,canonical
bioregistry,mipmod,http://identifiers.org/mipmod/,canonical
bioregistry,mir,http://identifiers.org/MIR/,canonical
bioregistry,mirbase,http://identifiers.org/mirbase/,canonical
bioregistry,mirbase.mature,http://identifiers.org/mirbase.mature/,canonical
bioregistry,miriam,http://identifiers.org/identifiers.namespace/,canonical
bioregistry,miriam.collection,http://identifiers.org/miriam.collection/,canonical
bioregistry,miriam.resource,http://identifiers.org/miriam.resource/,canonical
bioregistry,MIRNAO,http://purl.obolibrary.org/obo/MIRNAO_,canonical
bioregistry,mirnest,http://identifiers.org/mirnest/,canonical
bioregistry,MIRO,http://purl.obolibrary.org/obo/MIRO_,canonical
bioregistry,mirtarbase,http://identifiers.org/mirtarbase/,canonical
bioregistry,mixs,https://w3id.org/mixs/,canonical
bioregistry,mlc,http://identifiers.org/mlc/,canonical
bioregistry,mmdb,http://identifiers.org/mmdb/,canonical
bioregistry,MMO,http://purl.obolibrary.org/obo/MMO_,canonical
bioregistry,mmp.cat,http://identifiers.org/mmp.cat/,canonical
bioregistry,mmp.db,http://identifiers.org/mmp.db/,canonical
bioregistry,mmp.fun,http://identifiers.org/mmp.fun/,canonical
bioregistry,mmp.ref,http://identifiers.org/mmp.ref/,canonical
bioregistry,mmrrc,http://identifiers.org/mmrrc/,canonical
bioregistry,MmusDv,http://purl.obolibrary.org/obo/MmusDv_,canonical
bioregistry,MO,http://purl.obolibrary.org/obo/MO_,canonical
bioregistry,MOD,http://purl.obolibrary.org/obo/MOD_,canonical
bioregistry,modeldb,http://identifiers.org/modeldb/,canonical
bioregistry,modeldb.concept,http://identifiers.org/modeldb.concept/,canonical
bioregistry,molbase,http://identifiers.org/molbase/,canonical
bioregistry,molmedb,http://identifiers.org/molmedb/,canonical
bioregistry,MONDO,http://purl.obolibrary.org/obo/MONDO_,canonical
bioregistry,MOP,http://purl.obolibrary.org/obo/MOP_,canonical
bioregistry,morpheus,http://identifiers.org/morpheus/,canonical
bioregistry,mosaic,https://purl.dataone.org/odo/MOSAIC_,canonical
bioregistry,MP,http://purl.obolibrary.org/obo/MP_,canonical
bioregistry,MPATH,http://purl.obolibrary.org/obo/MPATH_,canonical
bioregistry,mpid,http://identifiers.org/mpid/,canonical
bioregistry,MPIO,http://purl.obolibrary.org/obo/MPIO_,canonical
bioregistry,MRO,http://purl.obolibrary.org/obo/MRO_,canonical
bioregistry,MS,http://purl.obolibrary.org/obo/MS_,canonical
bioregistry,msigdb,https://biopragmatics.github.io/providers/msigdb/,canonical
bioregistry,msio,http://purl.obolibrary.org/obo/MSIO_,canonical
bioregistry,multicellds,http://multicellds.org/MultiCellDB/,canonical
bioregistry,mw.project,http://identifiers.org/mw.project/,canonical
bioregistry,mw.study,http://identifiers.org/mw.study/,canonical
bioregistry,myco.lepra,http://identifiers.org/myco.lepra/,canonical
bioregistry,myco.marinum,http://identifiers.org/myco.marinum/,canonical
bioregistry,myco.smeg,http://identifiers.org/myco.smeg/,canonical
bioregistry,myco.tuber,http://identifiers.org/myco.tuber/,canonical
bioregistry,mycobank,http://identifiers.org/mycobank/,canonical
bioregistry,mzspec,http://identifiers.org/MZSPEC/,canonical
bioregistry,napdi,http://identifiers.org/napdi/,canonical
bioregistry,napp,http://identifiers.org/napp/,canonical
bioregistry,narcis,http://identifiers.org/narcis/,canonical
bioregistry,nasc,http://identifiers.org/nasc/,canonical
bioregistry,NBO,http://purl.obolibrary.org/obo/NBO_,canonical
bioregistry,nbrc,http://identifiers.org/nbrc/,canonical
bioregistry,ncats.drug,https://drugs.ncats.io/drug/,canonical
bioregistry,ncbi.assembly,http://identifiers.org/assembly/,canonical
bioregistry,ncbi.genome,https://www.ncbi.nlm.nih.gov/genome/,canonical
bioregistry,ncbi.resource,https://bioregistry.io/metaregistry/ncbi/,canonical
bioregistry,ncbibook,https://www.ncbi.nlm.nih.gov/books/,canonical
bioregistry,NCBIGene,http://identifiers.org/ncbigene/,canonical
bioregistry,NCBIProtein,http://identifiers.org/ncbiprotein/,canonical
bioregistry,NCBITaxon,http://purl.obolibrary.org/obo/NCBITaxon_,canonical
bioregistry,ncim,http://identifiers.org/ncim/,canonical
bioregistry,NCIT,http://purl.obolibrary.org/obo/NCIT_,canonical
bioregistry,NCRO,http://purl.obolibrary.org/obo/NCRO_,canonical
bioregistry,ndc,http://identifiers.org/ndc/,canonical
bioregistry,nddf,http://purl.bioontology.org/ontology/NDDF/,canonical
bioregistry,ndex,https://www.ndexbio.org/viewer/networks/,canonical
bioregistry,ndfrt,https://evs.nci.nih.gov/ftp1/NDF-RT/NDF-RT.owl#,canonical
bioregistry,nemo,http://identifiers.org/nemo/,canonical
bioregistry,neurolex,http://identifiers.org/neurolex/,canonical
bioregistry,neuromorpho,http://identifiers.org/neuromorpho/,canonical
bioregistry,neurondb,http://identifiers.org/neurondb/,canonical
bioregistry,neurovault.collection,http://identifiers.org/neurovault.collection/,canonical
bioregistry,neurovault.image,http://identifiers.org/neurovault.image/,canonical
bioregistry,nextdb,http://identifiers.org/nextdb/,canonical
bioregistry,nextprot,http://identifiers.org/nextprot/,canonical
bioregistry,ngl,http://identifiers.org/ngl/,canonical
bioregistry,niaest,http://identifiers.org/niaest/,canonical
bioregistry,nif.ext,http://uri.neuinfo.org/nif/nifstd/nifext_,canonical
bioregistry,nif.std,http://uri.neuinfo.org/nif/nifstd/,canonical
bioregistry,NIF_CELL,http://purl.obolibrary.org/obo/NIF_CELL_,canonical
bioregistry,NIF_DYSFUNCTION,http://purl.obolibrary.org/obo/NIF_DYSFUNCTION_,canonical
bioregistry,NIF_GROSSANATOMY,http://purl.obolibrary.org/obo/NIF_GROSSANATOMY_,canonical
bioregistry,nihreporter.project,https://reporter.nih.gov/project-details/,canonical
bioregistry,nlm,https://www.ncbi.nlm.nih.gov/nlmcatalog/,canonical
bioregistry,nlx.anat,http://uri.neuinfo.org/nif/nifstd/nlx_anat_,canonical
bioregistry,nlx.br,http://uri.neuinfo.org/nif/nifstd/nlx_br_,canonical
bioregistry,nlx.cell,http://uri.neuinfo.org/nif/nifstd/nlx_cell_,canonical
bioregistry,nlx.chem,http://uri.neuinfo.org/nif/nifstd/nlx_chem_,canonical
bioregistry,nlx.dys,http://uri.neuinfo.org/nif/nifstd/nlx_dys_,canonical
bioregistry,nlx.func,http://uri.neuinfo.org/nif/nifstd/nlx_func_,canonical
bioregistry,nlx.inv,http://uri.neuinfo.org/nif/nifstd/nlx_inv_,canonical
bioregistry,nlx.mol,http://uri.neuinfo.org/nif/nifstd/nlx_mol_,canonical
bioregistry,nlx.oen,http://uri.neuinfo.org/nif/nifstd/oen_,canonical
bioregistry,nlx.org,http://uri.neuinfo.org/nif/nifstd/nlx_organ_,canonical
bioregistry,nlx.qual,http://uri.neuinfo.org/nif/nifstd/nlx_qual_,canonical
bioregistry,nlx.res,http://uri.neuinfo.org/nif/nifstd/nlx_res_,canonical
bioregistry,nlx.sub,http://uri.neuinfo.org/nif/nifstd/nlx_subcell_,canonical
bioregistry,nmdc,http://identifiers.org/nmdc/,canonical
bioregistry,NMR,http://purl.obolibrary.org/obo/NMR_,canonical
bioregistry,nmrshiftdb2,http://identifiers.org/nmrshiftdb2/,canonical
bioregistry,noaa,https://www.fisheries.noaa.gov/species/,canonical
bioregistry,NOMEN,http://purl.obolibrary.org/obo/NOMEN_,canonical
bioregistry,noncodev3,http://identifiers.org/noncodev3/,canonical
bioregistry,noncodev4.gene,http://identifiers.org/noncodev4.gene/,canonical
bioregistry,noncodev4.rna,http://identifiers.org/noncodev4.rna/,canonical
bioregistry,norine,http://identifiers.org/norine/,canonical
bioregistry,novus,https://www.novusbio.com/products/,canonical
bioregistry,nucleardb,http://identifiers.org/nuclearbd/,canonical
bioregistry,oa,http://www.w3.org/ns/oa#,canonical
bioregistry,OAE,http://purl.obolibrary.org/obo/OAE_,canonical
bioregistry,OARCS,http://purl.obolibrary.org/obo/OARCS_,canonical
bioregistry,OBA,http://purl.obolibrary.org/obo/OBA_,canonical
bioregistry,oban,http://purl.org/oban/,canonical
bioregistry,OBCS,http://purl.obolibrary.org/obo/OBCS_,canonical
bioregistry,OBI,http://purl.obolibrary.org/obo/OBI_,canonical
bioregistry,OBIB,http://purl.obolibrary.org/obo/OBIB_,canonical
bioregistry,obo,http://purl.obolibrary.org/obo/,canonical
bioregistry,oboInOwl,http://www.geneontology.org/formats/oboInOwl#,canonical
bioregistry,occ,http://identifiers.org/occ/,canonical
bioregistry,oci,http://identifiers.org/oci/,canonical
bioregistry,ocid,http://identifiers.org/OCID/,canonical
bioregistry,oclc,http://identifiers.org/oclc/,canonical
bioregistry,odc.sci,http://identifiers.org/odc.sci/,canonical
bioregistry,odc.tbi,http://identifiers.org/odc.tbi/,canonical
bioregistry,OGG,http://purl.obolibrary.org/obo/OGG_,canonical
bioregistry,OGI,http://purl.obolibrary.org/obo/OGI_,canonical
bioregistry,OGMS,http://purl.obolibrary.org/obo/OGMS_,canonical
bioregistry,OGSF,http://purl.obolibrary.org/obo/OGSF_,canonical
bioregistry,OHD,http://purl.obolibrary.org/obo/OHD_,canonical
bioregistry,OHMI,http://purl.obolibrary.org/obo/OHMI_,canonical
bioregistry,OHPI,http://purl.obolibrary.org/obo/OHPI_,canonical
bioregistry,oid,http://identifiers.org/oid/,canonical
bioregistry,OlatDv,http://purl.obolibrary.org/obo/OlatDv_,canonical
bioregistry,om,http://www.ontology-of-units-of-measure.org/resource/om-2/,canonical
bioregistry,oma.grp,http://identifiers.org/oma.grp/,canonical
bioregistry,oma.hog,http://identifiers.org/OMA.HOG/,canonical
bioregistry,oma.protein,http://identifiers.org/oma.protein/,canonical
bioregistry,omia,http://identifiers.org/omia/,canonical
bioregistry,OMIABIS,http://purl.obolibrary.org/obo/OMIABIS_,canonical
bioregistry,omim,http://identifiers.org/mim/,canonical
bioregistry,OMIT,http://purl.obolibrary.org/obo/OMIT_,canonical
bioregistry,OMO,http://purl.obolibrary.org/obo/OMO_,canonical
bioregistry,omop,https://athena.ohdsi.org/search-terms/terms/,canonical
bioregistry,OMP,http://purl.obolibrary.org/obo/OMP_,canonical
bioregistry,OMRSE,http://purl.obolibrary.org/obo/OMRSE_,canonical
bioregistry,oncotree,http://oncotree.mskcc.org/api/tumorTypes/search/code/,canonical
bioregistry,ONE,http://purl.obolibrary.org/obo/ONE_,canonical
bioregistry,ONS,http://purl.obolibrary.org/obo/ONS_,canonical
bioregistry,ONTOAVIDA,http://purl.obolibrary.org/obo/ONTOAVIDA_,canonical
bioregistry,ONTONEO,http://purl.obolibrary.org/obo/ONTONEO_,canonical
bioregistry,OOSTT,http://purl.obolibrary.org/obo/OOSTT_,canonical
bioregistry,opb,http://identifiers.org/opb/,canonical
bioregistry,openalex,https://openalex.org/,canonical
bioregistry,OPL,http://purl.obolibrary.org/obo/OPL_,canonical
bioregistry,opm,http://identifiers.org/opm/,canonical
bioregistry,OPMI,http://purl.obolibrary.org/obo/OPMI_,canonical
bioregistry,orcid,http://identifiers.org/orcid/,canonical
bioregistry,ordb,http://identifiers.org/ordb/,canonical
bioregistry,oridb.sacch,http://identifiers.org/oridb.sacch/,canonical
bioregistry,oridb.schizo,http://identifiers.org/oridb.schizo/,canonical
bioregistry,ORNASEQ,http://purl.obolibrary.org/obo/ORNASEQ_,canonical
bioregistry,orphanet,http://identifiers.org/orphanet/,canonical
bioregistry,orphanet.ordo,http://identifiers.org/orphanet.ordo/,canonical
bioregistry,orth,http://purl.org/net/orth#,canonical
bioregistry,oryzabase.gene,http://identifiers.org/oryzabase.gene/,canonical
bioregistry,oryzabase.mutant,http://identifiers.org/oryzabase.mutant/,canonical
bioregistry,oryzabase.reference,http://identifiers.org/oryzabase.reference/,canonical
bioregistry,oryzabase.stage,http://identifiers.org/oryzabase.stage/,canonical
bioregistry,oryzabase.strain,http://identifiers.org/oryzabase.strain/,canonical
bioregistry,oslc,http://open-services.net/ns/core#,canonical
bioregistry,otl,http://identifiers.org/otl/,canonical
bioregistry,OVAE,http://purl.obolibrary.org/obo/OVAE_,canonical
bioregistry,owl,http://www.w3.org/2002/07/owl#,canonical
bioregistry,owlstar,http://w3id.org/owlstar/,canonical
bioregistry,paleodb,http://identifiers.org/paleodb/,canonical
bioregistry,panther.family,http://identifiers.org/panther.family/,canonical
bioregistry,panther.node,http://identifiers.org/panther.node/,canonical
bioregistry,panther.pathway,http://identifiers.org/panther.pathway/,canonical
bioregistry,panther.pthcmp,http://identifiers.org/panther.pthcmp/,canonical
bioregistry,PAO,http://purl.obolibrary.org/obo/PAO_,canonical
bioregistry,pass2,http://identifiers.org/pass2/,canonical
bioregistry,pathbank,https://pathbank.org/view/,canonical
bioregistry,pathwaycommons,http://identifiers.org/pathwaycommons/,canonical
bioregistry,PATO,http://purl.obolibrary.org/obo/PATO_,canonical
bioregistry,pav,http://purl.org/pav/,canonical
bioregistry,paxdb.organism,http://identifiers.org/paxdb.organism/,canonical
bioregistry,paxdb.protein,http://identifiers.org/paxdb.protein/,canonical
bioregistry,pazar,http://identifiers.org/pazar/,canonical
bioregistry,PBA,https://biopragmatics.github.io/providers/pba/,canonical
bioregistry,PCL,http://purl.obolibrary.org/obo/PCL_,canonical
bioregistry,PCO,http://purl.obolibrary.org/obo/PCO_,canonical
bioregistry,PD_ST,http://purl.obolibrary.org/obo/PD_ST_,canonical
bioregistry,pdb,http://identifiers.org/pdb/,canonical
bioregistry,pdb.ligand,http://identifiers.org/pdb.ligand/,canonical
bioregistry,pdc.study,https://pdc.cancer.gov/pdc/study/,canonical
bioregistry,PDRO,http://purl.obolibrary.org/obo/PDRO_,canonical
bioregistry,PdumDv,http://purl.obolibrary.org/obo/PdumDv_,canonical
bioregistry,PECO,http://purl.obolibrary.org/obo/PECO_,canonical
bioregistry,ped,http://identifiers.org/ped/,canonical
bioregistry,peff,https://biopragmatics.github.io/providers/peff/,canonical
bioregistry,pennsieve,http://identifiers.org/ps/,canonical
bioregistry,pepbank,http://pepbank.mgh.harvard.edu/interactions/details/,canonical
bioregistry,peptideatlas,http://identifiers.org/peptideatlas/,canonical
bioregistry,peptideatlas.dataset,http://identifiers.org/peptideatlas.dataset/,canonical
bioregistry,peroxibase,http://identifiers.org/peroxibase/,canonical
bioregistry,pfam,http://identifiers.org/pfam/,canonical
bioregistry,pfam.clan,https://www.ebi.ac.uk/interpro/set/pfam/,canonical
bioregistry,pfr,http://repository.topdownproteomics.org/proteoforms/,canonical
bioregistry,PGDSO,http://purl.obolibrary.org/obo/PGDSO_,canonical
bioregistry,pgs,http://identifiers.org/pgs/,canonical
bioregistry,pgx,http://identifiers.org/pgx/,canonical
bioregistry,pharmacodb.cell,https://pharmacodb.ca/cell_lines/,canonical
bioregistry,pharmacodb.dataset,https://pharmacodb.ca/datasets/,canonical
bioregistry,pharmacodb.tissue,https://pharmacodb.ca/tissues/,canonical
bioregistry,pharmgkb.disease,http://identifiers.org/pharmgkb.disease/,canonical
bioregistry,pharmgkb.drug,http://identifiers.org/pharmgkb.drug/,canonical
bioregistry,pharmgkb.gene,http://identifiers.org/pharmgkb.gene/,canonical
bioregistry,pharmgkb.pathways,http://identifiers.org/pharmgkb.pathways/,canonical
bioregistry,phenolexplorer,http://identifiers.org/phenolexplorer/,canonical
bioregistry,phenx,https://www.phenxtoolkit.org/protocols/view/,canonical
bioregistry,PHIPO,http://purl.obolibrary.org/obo/PHIPO_,canonical
bioregistry,phosphosite.protein,http://identifiers.org/phosphosite.protein/,canonical
bioregistry,phosphosite.residue,http://identifiers.org/phosphosite.residue/,canonical
bioregistry,phylomedb,http://identifiers.org/phylomedb/,canonical
bioregistry,phytozome.locus,http://identifiers.org/phytozome.locus/,canonical
bioregistry,pid.pathway,http://identifiers.org/pid.pathway/,canonical
bioregistry,piroplasma,http://identifiers.org/piroplasma/,canonical
bioregistry,pirsf,http://identifiers.org/pirsf/,canonical
bioregistry,pkdb,http://identifiers.org/pkdb/,canonical
bioregistry,PLANA,http://purl.obolibrary.org/obo/PLANA_,canonical
bioregistry,PLANP,http://purl.obolibrary.org/obo/PLANP_,canonical
bioregistry,planttfdb,http://identifiers.org/planttfdb/,canonical
bioregistry,plasmodb,http://identifiers.org/plasmodb/,canonical
bioregistry,PLO,http://purl.obolibrary.org/obo/PLO_,canonical
bioregistry,pmap.cutdb,http://identifiers.org/pmap.cutdb/,canonical
bioregistry,pmc,http://identifiers.org/pmc/,canonical
bioregistry,pmdb,http://identifiers.org/pmdb/,canonical
bioregistry,pmr,http://identifiers.org/pmr/,canonical
bioregistry,pmr.workspace,http://identifiers.org/pmr.workspace/,canonical
bioregistry,PO,http://purl.obolibrary.org/obo/PO_,canonical
bioregistry,pombase,http://identifiers.org/pombase/,canonical
bioregistry,PORO,http://purl.obolibrary.org/obo/PORO_,canonical
bioregistry,PPO,http://purl.obolibrary.org/obo/PPO_,canonical
bioregistry,ppr,https://europepmc.org/article/ppr/,canonical
bioregistry,PR,http://purl.obolibrary.org/obo/PR_,canonical
bioregistry,prefixcommons,https://bioregistry.io/metaregistry/prefixcommons/,canonical
bioregistry,pride,http://identifiers.org/pride/,canonical
bioregistry,pride.project,http://identifiers.org/pride.project/,canonical
bioregistry,probesanddrugs,https://www.probes-drugs.org/compound/,canonical
bioregistry,probonto,http://identifiers.org/probonto/,canonical
bioregistry,PROCO,http://purl.obolibrary.org/obo/PROCO_,canonical
bioregistry,prodom,http://identifiers.org/prodom/,canonical
bioregistry,proglyc,http://identifiers.org/proglyc/,canonical
bioregistry,PROPREO,http://purl.obolibrary.org/obo/PROPREO_,canonical
bioregistry,prosite,http://identifiers.org/prosite/,canonical
bioregistry,protclustdb,http://identifiers.org/protclustdb/,canonical
bioregistry,proteomicsdb.peptide,http://identifiers.org/proteomicsdb.peptide/,canonical
bioregistry,protonet.cluster,http://identifiers.org/protonet.cluster/,canonical
bioregistry,protonet.proteincard,http://identifiers.org/protonet.proteincard/,canonical
bioregistry,prov,http://www.w3.org/ns/prov#,canonical
bioregistry,PSDO,http://purl.obolibrary.org/obo/PSDO_,canonical
bioregistry,pseudomonas,http://identifiers.org/pseudomonas/,canonical
bioregistry,psipar,http://identifiers.org/psipar/,canonical
bioregistry,PSO,http://purl.obolibrary.org/obo/PSO_,canonical
bioregistry,pubchem.bioassay,http://identifiers.org/pubchem.bioassay/,canonical
bioregistry,pubchem.cell,https://pubchem.ncbi.nlm.nih.gov/cell/,canonical
bioregistry,pubchem.compound,http://identifiers.org/pubchem.compound/,canonical
bioregistry,pubchem.element,https://pubchem.ncbi.nlm.nih.gov/element/,canonical
bioregistry,pubchem.substance,http://identifiers.org/pubchem.substance/,canonical
bioregistry,publons.publication,https://publons.com/publon/,canonical
bioregistry,publons.researcher,https://publons.com/researcher/,canonical
bioregistry,pubmed,http://identifiers.org/pubmed/,canonical
bioregistry,PuRO,http://purl.org/spar/pro/,canonical
bioregistry,PW,http://purl.obolibrary.org/obo/PW_,canonical
bioregistry,PWO,http://purl.org/spar/pwo/,canonical
bioregistry,px,http://identifiers.org/px/,canonical
bioregistry,pypi,http://identifiers.org/pypi/,canonical
bioregistry,qb,http://purl.org/linked-data/cube#,canonical
bioregistry,qtldb,http://identifiers.org/qtldb/,canonical
bioregistry,qudt,http://qudt.org/schema/qudt#,canonical
bioregistry,radiomics,http://www.radiomics.org/RO/,canonical
bioregistry,radlex,https://radlex.org/RID/,canonical
bioregistry,rapdb.locus,http://identifiers.org/rapdb.locus/,canonical
bioregistry,rapdb.transcript,http://identifiers.org/rapdb.transcript/,canonical
bioregistry,rbk,http://identifiers.org/rbk/,canonical
bioregistry,RBO,http://purl.obolibrary.org/obo/RBO_,canonical
bioregistry,rdf,http://www.w3.org/1999/02/22-rdf-syntax-ns#,canonical
bioregistry,rdfs,http://www.w3.org/2000/01/rdf-schema#,canonical
bioregistry,rdo,http://www.semanticweb.org/mca/ontologies/2018/8/untitled-ontology-47#,canonical
bioregistry,re3data,http://identifiers.org/re3data/,canonical
bioregistry,reactome,http://identifiers.org/reactome/,canonical
bioregistry,repeatsdb.structure,http://identifiers.org/repeatsdb.structure/,canonical
bioregistry,reproduceme,https://w3id.org/reproduceme#,canonical
bioregistry,RESID,http://purl.obolibrary.org/obo/RESID_,canonical
bioregistry,REX,http://purl.obolibrary.org/obo/REX_,canonical
bioregistry,rfam,http://identifiers.org/rfam/,canonical
bioregistry,rgd,http://identifiers.org/rgd/,canonical
bioregistry,rgd.qtl,http://identifiers.org/rgd.qtl/,canonical
bioregistry,rgd.strain,http://identifiers.org/rgd.strain/,canonical
bioregistry,rhea,http://identifiers.org/rhea/,canonical
bioregistry,ribocentre,https://www.ribocentre.org/docs/,canonical
bioregistry,ricegap,http://identifiers.org/ricegap/,canonical
bioregistry,ricenetdb.compound,http://identifiers.org/ricenetdb.compound/,canonical
bioregistry,ricenetdb.gene,http://identifiers.org/ricenetdb.gene/,canonical
bioregistry,ricenetdb.mirna,http://identifiers.org/ricenetdb.mirna/,canonical
bioregistry,ricenetdb.protein,http://identifiers.org/ricenetdb.protein/,canonical
bioregistry,ricenetdb.reaction,http://identifiers.org/ricenetdb.reaction/,canonical
bioregistry,rism,http://identifiers.org/rism/,canonical
bioregistry,rnacentral,http://identifiers.org/rnacentral/,canonical
bioregistry,rnaloops,https://rnaloops.cs.put.poznan.pl/search/details/,canonical
bioregistry,rnamods,http://identifiers.org/rnamods/,canonical
bioregistry,RNAO,http://purl.obolibrary.org/obo/RNAO_,canonical
bioregistry,RO,http://purl.obolibrary.org/obo/RO_,canonical
bioregistry,RoleO,http://purl.obolibrary.org/obo/RoleO_,canonical
bioregistry,ror,http://identifiers.org/ror/,canonical
bioregistry,rouge,http://identifiers.org/rouge/,canonical
bioregistry,rrid,http://identifiers.org/RRID/,canonical
bioregistry,RS,http://purl.obolibrary.org/obo/RS_,canonical
bioregistry,runbiosimulations,http://identifiers.org/runbiosimulations/,canonical
bioregistry,RXNO,http://purl.obolibrary.org/obo/RXNO_,canonical
bioregistry,sabiork.compound,http://identifiers.org/sabiork.compound/,canonical
bioregistry,sabiork.kineticrecord,http://identifiers.org/sabiork.kineticrecord/,canonical
bioregistry,sabiork.reaction,http://identifiers.org/sabiork.reaction/,canonical
bioregistry,salk,https://abrc.osu.edu/stocks/number/SALK_,canonical
bioregistry,SAO,http://purl.obolibrary.org/obo/SAO_,canonical
bioregistry,sasbdb,http://identifiers.org/sasbdb/,canonical
bioregistry,SBO,http://purl.obolibrary.org/obo/SBO_,canonical
bioregistry,SCDO,http://purl.obolibrary.org/obo/SCDO_,canonical
bioregistry,schem,https://biopragmatics.github.io/providers/schem/,canonical
bioregistry,schema,https://schema.org/,canonical
bioregistry,scholia.resource,https://bioregistry.io/metaregistry/scholia/,canonical
bioregistry,sciflection,http://identifiers.org/sciflection/,canonical
bioregistry,scomp,https://biopragmatics.github.io/providers/scomp/,canonical
bioregistry,scop,http://identifiers.org/scop/,canonical
bioregistry,SCoRO,http://purl.org/spar/scoro/,canonical
bioregistry,scr,http://scicrunch.org/resolver/SCR_,canonical
bioregistry,scretf,http://identifiers.org/scretf/,canonical
bioregistry,sdbs,http://identifiers.org/sdbs/,canonical
bioregistry,sdgio,http://purl.unep.org/sdg/SDGIO_,canonical
bioregistry,sdis,https://biopragmatics.github.io/providers/sdis/,canonical
bioregistry,sedml.format,http://identifiers.org/sedml.format/,canonical
bioregistry,sedml.language,http://identifiers.org/sedml.language/,canonical
bioregistry,seed,http://identifiers.org/seed/,canonical
bioregistry,seed.compound,http://identifiers.org/seed.compound/,canonical
bioregistry,seed.reaction,http://identifiers.org/seed.reaction/,canonical
bioregistry,semapv,https://w3id.org/semapv/vocab/,canonical
bioregistry,SEP,http://purl.obolibrary.org/obo/SEP_,canonical
bioregistry,SEPIO,http://purl.obolibrary.org/obo/SEPIO_,canonical
bioregistry,sfam,https://biopragmatics.github.io/providers/sfam/,canonical
bioregistry,sgd,http://identifiers.org/sgd/,canonical
bioregistry,sgd.pathways,http://identifiers.org/sgd.pathways/,canonical
bioregistry,sgn,http://identifiers.org/sgn/,canonical
bioregistry,sh,http://www.w3.org/ns/shacl#,canonical
bioregistry,sharkipedia.species,https://www.sharkipedia.org/species/,canonical
bioregistry,sharkipedia.trait,https://www.sharkipedia.org/traits/,canonical
bioregistry,sharkipedia.trend,https://www.sharkipedia.org/trends/,canonical
bioregistry,shex,http://www.w3.org/ns/shex#,canonical
bioregistry,SIBO,http://purl.obolibrary.org/obo/SIBO_,canonical
bioregistry,sider.drug,http://identifiers.org/sider.drug/,canonical
bioregistry,sigmaaldrich,https://www.sigmaaldrich.com/US/en/product/sigma/,canonical
bioregistry,signaling-gateway,http://identifiers.org/signaling-gateway/,canonical
bioregistry,signor,http://identifiers.org/signor/,canonical
bioregistry,sio,http://identifiers.org/sio/,canonical
bioregistry,sisu,http://identifiers.org/sisu/,canonical
bioregistry,sitex,http://identifiers.org/sitex/,canonical
bioregistry,skos,http://www.w3.org/2004/02/skos/core#,canonical
bioregistry,skosxl,http://www.w3.org/2008/05/skos-xl#,canonical
bioregistry,smart,http://identifiers.org/smart/,canonical
bioregistry,smid,https://smid-db.org/smid/,canonical
bioregistry,smpdb,http://identifiers.org/smpdb/,canonical
bioregistry,snomedct,http://identifiers.org/snomedct/,canonical
bioregistry,SO,http://purl.obolibrary.org/obo/SO_,canonical
bioregistry,SOPHARM,http://purl.obolibrary.org/obo/SOPHARM_,canonical
bioregistry,soybase,http://identifiers.org/soybase/,canonical
bioregistry,SPD,http://purl.obolibrary.org/obo/SPD_,canonical
bioregistry,spdx,http://identifiers.org/spdx/,canonical
bioregistry,sphn,https://biomedit.ch/rdf/sphn-ontology/sphn#,canonical
bioregistry,splash,http://identifiers.org/splash/,canonical
bioregistry,spp,http://identifiers.org/spp/,canonical
bioregistry,srao,http://www.fairsharing.org/ontology/subject/SRAO_,canonical
bioregistry,ssbd.dataset,https://ssbd.riken.jp/database/dataset/,canonical
bioregistry,ssbd.project,https://ssbd.riken.jp/database/project/,canonical
bioregistry,sssom,https://w3id.org/sssom/,canonical
bioregistry,stap,http://identifiers.org/stap/,canonical
bioregistry,STATO,http://purl.obolibrary.org/obo/STATO_,canonical
bioregistry,stitch,http://identifiers.org/stitch/,canonical
bioregistry,storedb,http://identifiers.org/STOREDB/,canonical
bioregistry,sty,https://uts.nlm.nih.gov/uts/umls/semantic-network/,canonical
bioregistry,subtilist,http://identifiers.org/subtilist/,canonical
bioregistry,subtiwiki,http://identifiers.org/subtiwiki/,canonical
bioregistry,sugarbind,http://identifiers.org/sugarbind/,canonical
bioregistry,supfam,http://identifiers.org/supfam/,canonical
bioregistry,sweetrealm,http://sweetontology.net/matrMineral/,canonical
bioregistry,swh,http://identifiers.org/SWH/,canonical
bioregistry,swisslipid,http://identifiers.org/SLM/,canonical
bioregistry,swissregulon,http://identifiers.org/swissregulon/,canonical
bioregistry,SWO,http://purl.obolibrary.org/obo/SWO_,canonical
bioregistry,swrl,http://www.w3.org/2003/11/swrl#,canonical
bioregistry,SYMP,http://purl.obolibrary.org/obo/SYMP_,canonical
bioregistry,t3db,http://identifiers.org/t3db/,canonical
bioregistry,T4FS,http://purl.obolibrary.org/obo/T4FS_,canonical
bioregistry,TADS,http://purl.obolibrary.org/obo/TADS_,canonical
bioregistry,TAHE,http://purl.obolibrary.org/obo/TAHE_,canonical
bioregistry,TAHH,http://purl.obolibrary.org/obo/TAHH_,canonical
bioregistry,tair.gene,http://identifiers.org/tair.gene/,canonical
bioregistry,tair.locus,http://identifiers.org/tair.locus/,canonical
bioregistry,tair.protein,http://identifiers.org/tair.protein/,canonical
bioregistry,TAO,http://purl.obolibrary.org/obo/TAO_,canonical
bioregistry,tarbase,http://identifiers.org/tarbase/,canonical
bioregistry,TAXRANK,http://purl.obolibrary.org/obo/TAXRANK_,canonical
bioregistry,tcb,https://www.pirbright.ac.uk/node/,canonical
bioregistry,tcdb,http://identifiers.org/tcdb/,canonical
bioregistry,tgd,http://identifiers.org/tgd/,canonical
bioregistry,TGMA,http://purl.obolibrary.org/obo/TGMA_,canonical
bioregistry,tgn,http://vocab.getty.edu/page/tgn/,canonical
bioregistry,thermofisher,https://www.thermofisher.com/antibody/product/,canonical
bioregistry,tigrfam,http://identifiers.org/tigrfam/,canonical
bioregistry,time,http://www.w3.org/2006/time#,canonical
bioregistry,TO,http://purl.obolibrary.org/obo/TO_,canonical
bioregistry,tol,http://identifiers.org/tol/,canonical
bioregistry,topdb,http://identifiers.org/topdb/,canonical
bioregistry,toxoplasma,http://identifiers.org/toxoplasma/,canonical
bioregistry,TRANS,http://purl.obolibrary.org/obo/TRANS_,canonical
bioregistry,transyt,http://identifiers.org/transyt/,canonical
bioregistry,treefam,http://identifiers.org/treefam/,canonical
bioregistry,trichdb,http://identifiers.org/trichdb/,canonical
bioregistry,tritrypdb,http://identifiers.org/tritrypdb/,canonical
bioregistry,ttd.drug,http://identifiers.org/ttd.drug/,canonical
bioregistry,ttd.target,http://identifiers.org/ttd.target/,canonical
bioregistry,TTO,http://purl.obolibrary.org/obo/TTO_,canonical
bioregistry,TXPO,http://purl.obolibrary.org/obo/TXPO_,canonical
bioregistry,UBERON,http://purl.obolibrary.org/obo/UBERON_,canonical
bioregistry,ubio.namebank,http://identifiers.org/ubio.namebank/,canonical
bioregistry,ucum,https://units-of-measurement.org/,canonical
bioregistry,umbbd.compound,http://identifiers.org/umbbd.compound/,canonical
bioregistry,umbbd.enzyme,http://identifiers.org/umbbd.enzyme/,canonical
bioregistry,umbbd.pathway,http://identifiers.org/umbbd.pathway/,canonical
bioregistry,umbbd.reaction,http://identifiers.org/umbbd.reaction/,canonical
bioregistry,umbbd.rule,http://identifiers.org/umbbd.rule/,canonical
bioregistry,umls,http://identifiers.org/umls/,canonical
bioregistry,unigene,http://identifiers.org/unigene/,canonical
bioregistry,unii,http://identifiers.org/unii/,canonical
bioregistry,unimod,http://identifiers.org/unimod/,canonical
bioregistry,uniparc,http://identifiers.org/uniparc/,canonical
bioregistry,unipathway.compound,http://identifiers.org/unipathway.compound/,canonical
bioregistry,unipathway.reaction,http://identifiers.org/unipathway.reaction/,canonical
bioregistry,uniprot,http://identifiers.org/uniprot/,canonical
bioregistry,uniprot.arba,https://www.uniprot.org/arba/,canonical
bioregistry,uniprot.chain,http://identifiers.org/uniprot.chain/,canonical
bioregistry,uniprot.disease,https://www.uniprot.org/diseases/,canonical
bioregistry,uniprot.isoform,http://identifiers.org/uniprot.isoform/,canonical
bioregistry,uniprot.journal,https://www.uniprot.org/journals/,canonical
bioregistry,uniprot.keyword,https://www.uniprot.org/keywords/,canonical
bioregistry,uniprot.location,https://www.uniprot.org/locations/,canonical
bioregistry,uniprot.proteome,https://www.uniprot.org/proteomes/,canonical
bioregistry,uniprot.ptm,https://biopragmatics.github.io/providers/uniprot.ptm/,canonical
bioregistry,uniprot.resource,https://www.uniprot.org/database/,canonical
bioregistry,uniprot.tissue,http://identifiers.org/tissuelist/,canonical
bioregistry,uniprot.var,http://purl.uniprot.org/annotation/VAR_,canonical
bioregistry,uniref,http://identifiers.org/uniref/,canonical
bioregistry,unirule,https://www.uniprot.org/unirule/,canonical
bioregistry,unists,http://identifiers.org/unists/,canonical
bioregistry,unite,http://identifiers.org/unite/,canonical
bioregistry,UO,http://purl.obolibrary.org/obo/UO_,canonical
bioregistry,UPA,http://purl.obolibrary.org/obo/UPA_,canonical
bioregistry,UPHENO,http://purl.obolibrary.org/obo/UPHENO_,canonical
bioregistry,uspto,http://identifiers.org/uspto/,canonical
bioregistry,vandf,http://purl.bioontology.org/ontology/VANDF/,canonical
bioregistry,vann,https://vocab.org/vann/,canonical
bioregistry,VariO,http://purl.obolibrary.org/obo/VariO_,canonical
bioregistry,vbase2,http://identifiers.org/vbase2/,canonical
bioregistry,VBO,http://purl.obolibrary.org/obo/VBO_,canonical
bioregistry,vbrc,http://identifiers.org/vbrc/,canonical
bioregistry,vcell,http://identifiers.org/vcell/,canonical
bioregistry,vectorbase,http://identifiers.org/vectorbase/,canonical
bioregistry,vegbank,http://identifiers.org/vegbank/,canonical
bioregistry,vfb,http://identifiers.org/vfb/,canonical
bioregistry,vfdb.gene,http://identifiers.org/vfdb.gene/,canonical
bioregistry,vfdb.genus,http://identifiers.org/vfdb.genus/,canonical
bioregistry,vgnc,http://identifiers.org/vgnc/,canonical
bioregistry,VHOG,http://purl.obolibrary.org/obo/VHOG_,canonical
bioregistry,viaf,http://identifiers.org/viaf/,canonical
bioregistry,vido,http://purl.obolibrary.org/obo/VIDO_,canonical
bioregistry,viralzone,http://identifiers.org/viralzone/,canonical
bioregistry,virsirna,http://identifiers.org/virsirna/,canonical
bioregistry,vmhgene,http://identifiers.org/vmhgene/,canonical
bioregistry,vmhmetabolite,http://identifiers.org/vmhmetabolite/,canonical
bioregistry,vmhreaction,http://identifiers.org/vmhreaction/,canonical
bioregistry,VO,http://purl.obolibrary.org/obo/VO_,canonical
bioregistry,void,http://rdfs.org/ns/void#,canonical
bioregistry,VSAO,http://purl.obolibrary.org/obo/VSAO_,canonical
bioregistry,vsmo,http://purl.obolibrary.org/obo/VSMO_,canonical
bioregistry,VT,http://purl.obolibrary.org/obo/VT_,canonical
bioregistry,VTO,http://purl.obolibrary.org/obo/VTO_,canonical
bioregistry,wb.rnai,http://identifiers.org/wb.rnai/,canonical
bioregistry,WBbt,http://purl.obolibrary.org/obo/WBbt_,canonical
bioregistry,WBls,http://purl.obolibrary.org/obo/WBls_,canonical
bioregistry,WBPhenotype,http://purl.obolibrary.org/obo/WBPhenotype_,canonical
bioregistry,webelements,https://www.webelements.com/,canonical
bioregistry,wgs84,http://www.w3.org/2003/01/geo/wgs84_pos#,canonical
bioregistry,wikidata,http://identifiers.org/wikidata/,canonical
bioregistry,wikidata.property,https://www.wikidata.org/wiki/Property:,canonical
bioregistry,wikipathways,http://identifiers.org/wikipathways/,canonical
bioregistry,wikipedia.en,http://identifiers.org/wikipedia.en/,canonical
bioregistry,worfdb,http://identifiers.org/worfdb/,canonical
bioregistry,world2dpage,https://world-2dpage.expasy.org/repository/,canonical
bioregistry,worldavatar.kin,http://www.theworldavatar.com/ontology/ontokin/OntoKin.owl#,canonical
bioregistry,WormBase,http://identifiers.org/wb/,canonical
bioregistry,wormpep,http://identifiers.org/wormpep/,canonical
bioregistry,worms,http://identifiers.org/worms/,canonical
bioregistry,wwf.ecoregion,https://www.worldwildlife.org/ecoregions/,canonical
bioregistry,XAO,http://purl.obolibrary.org/obo/XAO_,canonical
bioregistry,XCO,http://purl.obolibrary.org/obo/XCO_,canonical
bioregistry,xenbase,http://identifiers.org/xenbase/,canonical
bioregistry,ximbio,https://ximbio.com/reagent/,canonical
bioregistry,xl,http://purl.obolibrary.org/obo/XL_,canonical
bioregistry,XLMOD,http://purl.obolibrary.org/obo/XLMOD_,canonical
bioregistry,xmetdb,http://www.xmetdb.org/xmetdb/protocol/,canonical
bioregistry,xml,http://www.w3.org/XML/1998/namespace#,canonical
bioregistry,XPO,http://purl.obolibrary.org/obo/XPO_,canonical
bioregistry,xsd,http://www.w3.org/2001/XMLSchema#,canonical
bioregistry,ydpm,http://identifiers.org/ydpm/,canonical
bioregistry,yeastintron,http://identifiers.org/yeastintron/,canonical
bioregistry,yetfasco,http://identifiers.org/yetfasco/,canonical
bioregistry,yid,http://identifiers.org/yid/,canonical
bioregistry,ymdb,http://www.ymdb.ca/compounds/,canonical
bioregistry,YPO,http://purl.obolibrary.org/obo/YPO_,canonical
bioregistry,yrcpdr,http://identifiers.org/yrcpdr/,canonical
bioregistry,ZEA,http://purl.obolibrary.org/obo/ZEA_,canonical
bioregistry,ZECO,http://purl.obolibrary.org/obo/ZECO_,canonical
bioregistry,zenodo.record,https://zenodo.org/record/,canonical
bioregistry,ZFA,http://purl.obolibrary.org/obo/ZFA_,canonical
bioregistry,zfin,http://identifiers.org/zfin/,canonical
bioregistry,ZFS,http://purl.obolibrary.org/obo/ZFS_,canonical
bioregistry,zinc,http://identifiers.org/zinc/,canonical
bioregistry,ZP,http://purl.obolibrary.org/obo/ZP_,canonical
